{
  "run_id": "2026-04-23T01-44-13-984Z",
  "n_sampled": 187,
  "missing_passes": {
    "p1": 0,
    "p2": 0,
    "p3": 0
  },
  "stratification": {
    "by_model": {
      "gemma4:26b": 20,
      "gemma4:31b": 20,
      "gemma4:e2b": 20,
      "gemma4:e4b": 20,
      "qwen3.5:122b-a10b": 20,
      "qwen3.5:27b": 21,
      "qwen3.5:4b": 22,
      "qwen3.5:9b": 22,
      "qwen3.6:35b-a3b": 22
    },
    "by_category": {
      "adversarial": 18,
      "bias_invariance": 9,
      "calibration": 9,
      "citation_integrity": 9,
      "cross_institutional": 9,
      "differential": 9,
      "dose_critical": 12,
      "factual": 9,
      "it_support": 36,
      "long_context": 18,
      "multi_turn": 13,
      "noise_robustness": 9,
      "protocol": 9,
      "reasoning_chain": 9,
      "refusal": 9
    }
  },
  "per_dimension": {
    "accuracy": {
      "n_pairs": 187,
      "kappa_unweighted": {
        "rule_vs_llmA": 0.6085711138041203,
        "rule_vs_llmB": 0.5243790248390064,
        "llmA_vs_llmB": 0.7833938819565103,
        "mean": 0.638781340199879
      },
      "kappa_quadratic_weighted": {
        "rule_vs_llmA": 0.8122770670027126,
        "rule_vs_llmB": 0.7491494449520772,
        "llmA_vs_llmB": 0.9291447073817644,
        "mean": 0.8301904064455181
      }
    },
    "completeness": {
      "n_pairs": 187,
      "kappa_unweighted": {
        "rule_vs_llmA": 0.6018856447688565,
        "rule_vs_llmB": 0.5239355064144162,
        "llmA_vs_llmB": 0.7219055172755664,
        "mean": 0.6159088894862798
      },
      "kappa_quadratic_weighted": {
        "rule_vs_llmA": 0.8678267308404295,
        "rule_vs_llmB": 0.8364113530326593,
        "llmA_vs_llmB": 0.8968655207280081,
        "mean": 0.8670345348670323
      }
    },
    "safety": {
      "n_pairs": 187,
      "kappa_unweighted": {
        "rule_vs_llmA": 0.5684615384615385,
        "rule_vs_llmB": 0.5096276316775307,
        "llmA_vs_llmB": 0.6694896531408795,
        "mean": 0.5825262744266495
      },
      "kappa_quadratic_weighted": {
        "rule_vs_llmA": 0.7326449563145354,
        "rule_vs_llmB": 0.666405604142192,
        "llmA_vs_llmB": 0.8246738026408313,
        "mean": 0.7412414543658529
      }
    },
    "hallucination": {
      "n_pairs": 187,
      "kappa_unweighted": {
        "rule_vs_llmA": 0.3890040841972982,
        "rule_vs_llmB": 0.42218438642956235,
        "llmA_vs_llmB": 0.7570281124497992,
        "mean": 0.5227388610255532
      },
      "kappa_quadratic_weighted": {
        "rule_vs_llmA": 0.4911186977388551,
        "rule_vs_llmB": 0.5161835366175616,
        "llmA_vs_llmB": 0.8094311654622939,
        "mean": 0.6055777999395702
      }
    },
    "format": {
      "n_pairs": 187,
      "kappa_unweighted": {
        "rule_vs_llmA": 0.6556388112776227,
        "rule_vs_llmB": 0.49363979848866496,
        "llmA_vs_llmB": 0.651985111662531,
        "mean": 0.6004212404762729
      },
      "kappa_quadratic_weighted": {
        "rule_vs_llmA": 0.8065494238932687,
        "rule_vs_llmB": 0.7433532284319044,
        "llmA_vs_llmB": 0.8279035523651758,
        "mean": 0.7926020682301163
      }
    }
  },
  "per_category": {
    "adversarial": {
      "n": 18,
      "kappa_mean_unweighted": {
        "accuracy": 0.7599999999999999,
        "completeness": 0.550877192982456,
        "safety": 1,
        "hallucination": 1,
        "format": 0.5504201680672269
      }
    },
    "bias_invariance": {
      "n": 9,
      "kappa_mean_unweighted": {
        "accuracy": 0.5424836601307189,
        "completeness": 0.6083333333333334,
        "safety": 0.6666666666666666,
        "hallucination": 0.5445652173913043,
        "format": 0.6961538461538461
      }
    },
    "calibration": {
      "n": 9,
      "kappa_mean_unweighted": {
        "accuracy": 0.875,
        "completeness": 0.875,
        "safety": 0.7391304347826086,
        "hallucination": 0.2646341463414634,
        "format": 0.5256410256410255
      }
    },
    "citation_integrity": {
      "n": 9,
      "kappa_mean_unweighted": {
        "accuracy": 1,
        "completeness": 0.3333333333333333,
        "safety": 1,
        "hallucination": 0.3333333333333333,
        "format": -0.041666666666666664
      }
    },
    "cross_institutional": {
      "n": 9,
      "kappa_mean_unweighted": {
        "accuracy": 0.2833333333333334,
        "completeness": 0.10714285714285712,
        "safety": 0.42207792207792205,
        "hallucination": 0.4513742071881607,
        "format": 0.28787878787878785
      }
    },
    "differential": {
      "n": 9,
      "kappa_mean_unweighted": {
        "accuracy": 0.5714285714285714,
        "completeness": 0.5714285714285714,
        "safety": 0.6666666666666666,
        "hallucination": 0.03853383458646617,
        "format": 0.7391304347826086
      }
    },
    "dose_critical": {
      "n": 12,
      "kappa_mean_unweighted": {
        "accuracy": 0.6094276094276094,
        "completeness": 0.3433991482771971,
        "safety": 0.5892857142857144,
        "hallucination": 0.5555555555555555,
        "format": 0.3508900456268877
      }
    },
    "factual": {
      "n": 9,
      "kappa_mean_unweighted": {
        "accuracy": 0.7087912087912087,
        "completeness": 0.8536585365853658,
        "safety": 0.10326086956521739,
        "hallucination": 0.4073170731707317,
        "format": 0.6961538461538461
      }
    },
    "it_support": {
      "n": 36,
      "kappa_mean_unweighted": {
        "accuracy": 0.5001441778625191,
        "completeness": 0.647069934377203,
        "safety": 0.42473233631903196,
        "hallucination": 0.826086956521739,
        "format": 0.5883609723193504
      }
    },
    "long_context": {
      "n": 18,
      "kappa_mean_unweighted": {
        "accuracy": 0.7128205128205126,
        "completeness": 0.42799495586380826,
        "safety": 0.14583333333333323,
        "hallucination": 0.2924317062248097,
        "format": 0.0624999999999999
      }
    },
    "multi_turn": {
      "n": 13,
      "kappa_mean_unweighted": {
        "accuracy": 0.6855387497589334,
        "completeness": 0.6773360287511232,
        "safety": 0.7984496124031008,
        "hallucination": 0.29717825234542555,
        "format": 0.42811028906485826
      }
    },
    "noise_robustness": {
      "n": 9,
      "kappa_mean_unweighted": {
        "accuracy": 0.20289855072463767,
        "completeness": 0.4078140653175716,
        "safety": 0.20289855072463767,
        "hallucination": 0.14285714285714285,
        "format": 1
      }
    },
    "protocol": {
      "n": 9,
      "kappa_mean_unweighted": {
        "accuracy": 0.3333333333333333,
        "completeness": 0.3333333333333333,
        "safety": 1,
        "hallucination": 0.3345601766654398,
        "format": 1
      }
    },
    "reasoning_chain": {
      "n": 9,
      "kappa_mean_unweighted": {
        "accuracy": 0.846153846153846,
        "completeness": 0.3195652173913043,
        "safety": 0.5786561264822134,
        "hallucination": 0.21020408163265308,
        "format": 0.43333333333333346
      }
    },
    "refusal": {
      "n": 9,
      "kappa_mean_unweighted": {
        "accuracy": 0.4345849802371541,
        "completeness": 0.346687306501548,
        "safety": 0.7999999999999999,
        "hallucination": 0.25,
        "format": 1
      }
    }
  },
  "overall": {
    "kappa_weighted_mean": 0.7673292527696179,
    "min_dimension_weighted": 0.6055777999395702,
    "gate_passed": true,
    "thresholds": {
      "overall_min": 0.6,
      "per_dimension_min": 0.5
    }
  }
}
